1738576120474|GET|/
1738576120490|GET|/css/style.css
1738576477846|GET|/
1738576477872|GET|/css/style.css
1738576551309|GET|/
1738576551311|Noen spurte etter root
1739174521298|GET|/
1739174521346|GET|/css/style.css
1739174521378|GET|/favicon.ico
1739174532002|GET|/
1739174532025|GET|/css/style.css
1739174532046|GET|/favicon.ico
1739174625518|GET|/
1739174625553|GET|/css/style.css
1739174625584|GET|/favicon.ico
1739182752590|GET|/tree/
1740574555651|GET|/
1740574555671|GET|/css/style.css
1740574555672|GET|/app.mjs
1740574555867|GET|/favicon.ico
1740574576462|GET|/css/style.css
1740574635641|GET|/
1740574635660|GET|/css/style.css
1740574635661|GET|/app.mjs
1740574635835|GET|/manifest.webmanifest
1740574635876|GET|/icons/dragonLarge.png
1740574635886|GET|/icons/dragon.png
1740574635891|GET|/icons/dragonLarge.png
1740574652626|GET|/icons/dragon.png
1740574652627|GET|/icons/dragonLarge.png
1740575290884|GET|/
1740575290895|GET|/css/style.css
1740575290895|GET|/app.mjs
1740575291069|GET|/manifest.webmanifest
1740575291085|GET|/icons/dragonLarge.png
1740575291091|GET|/icons/dragonLarge.png
1740575291091|GET|/icons/dragon.png
1740747572607|GET|/
1740747572920|GET|/app.mjs
1740747572921|GET|/css/style.css
1740747573141|GET|/manifest.webmanifest
1740747573152|GET|/favicon.ico
1740747573162|GET|/icons/dragonLarge.png
1740747573169|GET|/icons/dragonLarge.png
1740747573169|GET|/icons/dragon.png
1740747840024|GET|/
1740747840045|GET|/css/style.css
1740747840045|GET|/app.mjs
1740747840271|GET|/manifest.webmanifest
1740747840279|GET|/favicon.ico
1740747840295|GET|/icons/dragonLarge.png
1740747840305|GET|/icons/dragonLarge.png
1740747840305|GET|/icons/dragon.png
